<?xml version="1.0" encoding="UTF-8"?><bookmarks><file xmlns="http://www.w3.org/1999/xhtml" absolutepath="/Users/hankhelmers/Documents/MATLAB/tester.m"></file><file xmlns="http://www.w3.org/1999/xhtml" absolutepath="/Users/hankhelmers/Desktop/CPS Files/Day1.m"></file><file xmlns="http://www.w3.org/1999/xhtml" absolutepath="/Users/hankhelmers/Desktop/CPS Files/untitled.m"></file><file xmlns="http://www.w3.org/1999/xhtml" absolutepath="/Users/hankhelmers/Desktop/CPS Files/while.m"></file><file xmlns="http://www.w3.org/1999/xhtml" absolutepath="/Users/hankhelmers/Desktop/CPS Files/for.m"></file><file xmlns="http://www.w3.org/1999/xhtml" absolutepath="/Users/hankhelmers/Desktop/CPS Files/While_Loop.m"></file><file xmlns="http://www.w3.org/1999/xhtml" absolutepath="/Users/hankhelmers/Desktop/CPS Files/For_Loop.m"></file><file xmlns="http://www.w3.org/1999/xhtml" absolutepath="/Users/hankhelmers/Desktop/CPS Files/Variables.m"></file><file xmlns="http://www.w3.org/1999/xhtml" absolutepath="/Users/hankhelmers/Desktop/CPS Files/Homework1.m"></file><file xmlns="http://www.w3.org/1999/xhtml" absolutepath="/Users/hankhelmers/Desktop/CPS/WinningPercent.m"></file><file xmlns="http://www.w3.org/1999/xhtml" absolutepath="/Users/hankhelmers/Desktop/CPS/Plotting_Graphs.m"></file><file xmlns="http://www.w3.org/1999/xhtml" absolutepath="/Users/hankhelmers/Desktop/CPS/Notes1-Variables.m"></file><file xmlns="http://www.w3.org/1999/xhtml" absolutepath="/Users/hankhelmers/Desktop/CPS/Week 1/For_Loop.m"></file><file xmlns="http://www.w3.org/1999/xhtml" absolutepath="/Users/hankhelmers/Desktop/CPS/MatrixManipulation.m"></file><file xmlns="http://www.w3.org/1999/xhtml" absolutepath="/Users/hankhelmers/Desktop/CPS/MathFunction.m"></file><file xmlns="http://www.w3.org/1999/xhtml" absolutepath="/Users/hankhelmers/Desktop/CPS/Week 3/Homework 2/math371_hw2.m"></file><file xmlns="http://www.w3.org/1999/xhtml" absolutepath="/Users/hankhelmers/Desktop/CPS/Week 3/Homework 2/bisectionmethod.m"></file><file xmlns="http://www.w3.org/1999/xhtml" absolutepath="/Users/hankhelmers/Desktop/CPS/Week 3/Plotting_Part2.m"></file><file xmlns="http://www.w3.org/1999/xhtml" absolutepath="/Users/hankhelmers/Desktop/CPS/Week 3/Built_In_Function.m"></file><file xmlns="http://www.w3.org/1999/xhtml" absolutepath="/Users/hankhelmers/Desktop/CPS/Week 4/Excerise_1.m"></file><file xmlns="http://www.w3.org/1999/xhtml" absolutepath="/Users/hankhelmers/Desktop/CPS/Week 4/SymbolicComputation.m"></file><file xmlns="http://www.w3.org/1999/xhtml" absolutepath="/Users/hankhelmers/Desktop/CPS/Week 4/RelationalOperators.m"></file><file xmlns="http://www.w3.org/1999/xhtml" absolutepath="/Users/hankhelmers/Desktop/CPS/Week 5/Homework4_Content.m"></file><file xmlns="http://www.w3.org/1999/xhtml" absolutepath="/Users/hankhelmers/Desktop/CPS/Week 5/DataTyping.m"></file><file xmlns="http://www.w3.org/1999/xhtml" absolutepath="/Users/hankhelmers/Desktop/CPS/Week 5/WeatherResearch_Presentation.m"></file><file xmlns="http://www.w3.org/1999/xhtml" absolutepath="/Users/hankhelmers/Desktop/CPS/Week 5/CarbonDioxideProblem/carbondioxidedata.m"></file><file xmlns="http://www.w3.org/1999/xhtml" absolutepath="/Users/hankhelmers/Desktop/CPS/Week 5/RAINBOW.m"></file><file xmlns="http://www.w3.org/1999/xhtml" absolutepath="/Users/hankhelmers/Desktop/CPS/Week 6/UserDefinedFunctions.m"></file><file xmlns="http://www.w3.org/1999/xhtml" absolutepath="/Users/hankhelmers/Desktop/CPS/Week 6/untitled.m"></file><file xmlns="http://www.w3.org/1999/xhtml" absolutepath="/Users/hankhelmers/Desktop/CPS/Week 6/addSum.m"></file><file xmlns="http://www.w3.org/1999/xhtml" absolutepath="/Users/hankhelmers/Desktop/CPS/Week 6/myfunc.m"></file><file xmlns="http://www.w3.org/1999/xhtml" absolutepath="/Users/hankhelmers/Desktop/CPS/Week 6/1UserDefinedFunctions.m"></file><file xmlns="http://www.w3.org/1999/xhtml" absolutepath="/Users/hankhelmers/Desktop/CPS/Week 5/Homework 4/math371_hw4.m"></file><file xmlns="http://www.w3.org/1999/xhtml" absolutepath="/Users/hankhelmers/Desktop/CPS/Week 5/Homework 4/bisectionmethod.m"></file><file xmlns="http://www.w3.org/1999/xhtml" absolutepath="/Users/hankhelmers/Desktop/CPS/Week 5/Homework 4/Hank_Helmers"></file><file xmlns="http://www.w3.org/1999/xhtml" absolutepath="/Users/hankhelmers/Desktop/CPS/Week 7/Homework6.m"></file><file xmlns="http://www.w3.org/1999/xhtml" absolutepath="/Users/hankhelmers/Desktop/CPS/Week 7/Review.m"></file><file xmlns="http://www.w3.org/1999/xhtml" absolutepath="/Users/hankhelmers/Desktop/CPS/Week 7/File I/O.m"></file><file xmlns="http://www.w3.org/1999/xhtml" absolutepath="/Users/hankhelmers/Desktop/CPS/Week 7/File IO.m"></file><file xmlns="http://www.w3.org/1999/xhtml" absolutepath="/Users/hankhelmers/Desktop/CPS/Week 6/Homework5/TriangleCalculations.m"></file><file xmlns="http://www.w3.org/1999/xhtml" absolutepath="/Users/hankhelmers/Desktop/CPS/Week 6/Homework5/1TriangleCalculations.m"></file><file xmlns="http://www.w3.org/1999/xhtml" absolutepath="/Users/hankhelmers/Desktop/CPS/Week 6/Homework5/TriangleCalculations_1.m"></file><file xmlns="http://www.w3.org/1999/xhtml" absolutepath="/Users/hankhelmers/Desktop/CPS/Week 6/Homework5/GradeRoster_3.m"></file><file xmlns="http://www.w3.org/1999/xhtml" absolutepath="/Users/hankhelmers/Desktop/CPS/Week 6/Homework5/GradeRoster_3/GradeRoster_3.m"></file><file xmlns="http://www.w3.org/1999/xhtml" absolutepath="/Users/hankhelmers/Desktop/CPS/Week 6/Homework5/GradeRoster_3/gradeRoster.m"></file><file xmlns="http://www.w3.org/1999/xhtml" absolutepath="/Users/hankhelmers/Desktop/CPS/Week 6/Homework5/GradeRoster_3/runCode.m"></file><file xmlns="http://www.w3.org/1999/xhtml" absolutepath="/Users/hankhelmers/Desktop/CPS/Week 6/Homework5/GradeRoster_3/assignGrade.m"></file><file xmlns="http://www.w3.org/1999/xhtml" absolutepath="/Users/hankhelmers/Documents/MATLAB/Examples/R2021b/matlab/SquareCellArrayExample/SquareCellArrayExample.mlx"></file><file xmlns="http://www.w3.org/1999/xhtml" absolutepath="/Users/hankhelmers/Desktop/CPS/Week 8/what.m"></file><file xmlns="http://www.w3.org/1999/xhtml" absolutepath="/Users/hankhelmers/Desktop/CPS/Week 8/Homework 6/Newtonsmethod.m"></file><file xmlns="http://www.w3.org/1999/xhtml" absolutepath="/Users/hankhelmers/Desktop/CPS/Week 8/Homework 6/NewtonMethodTest.m"></file><file xmlns="http://www.w3.org/1999/xhtml" absolutepath="/Users/hankhelmers/Desktop/CPS/Week 8/Homework 6/math371_hw6.m"></file><file xmlns="http://www.w3.org/1999/xhtml" absolutepath="/Users/hankhelmers/Desktop/CPS/Week 8/Homework 4/math371_hw4.m"></file><file xmlns="http://www.w3.org/1999/xhtml" absolutepath="/Users/hankhelmers/Desktop/CPS/Week 8/Homework 6/math371_hw4.m"></file><file xmlns="http://www.w3.org/1999/xhtml" absolutepath="/Users/hankhelmers/Desktop/CPS/Week 8/Homework 6/bisectionmethod.m"></file><file xmlns="http://www.w3.org/1999/xhtml" absolutepath="/Users/hankhelmers/iCloud Drive (Archive)/Desktop/CPS/Week 8/Homework 6/math371_hw6.m"></file><file xmlns="http://www.w3.org/1999/xhtml" absolutepath="/Users/hankhelmers/iCloud Drive (Archive)/Desktop/CPS/Week 5/Homework 4/bisectionmethod.m"></file><file xmlns="http://www.w3.org/1999/xhtml" absolutepath="/Users/hankhelmers/iCloud Drive (Archive)/Desktop/CPS/Week 8/Homework 6/Newtonsmethod.m"></file><file xmlns="http://www.w3.org/1999/xhtml" absolutepath="/Users/hankhelmers/iCloud Drive (Archive)/Desktop/CPS/Week 8/Homework 6/math371_hw4_Newtonsmethod.m"></file><file xmlns="http://www.w3.org/1999/xhtml" absolutepath="/Users/hankhelmers/iCloud Drive (Archive)/Desktop/CPS/Week 8/Homework 6/Newtonsmethod_Problem3.m"></file><file xmlns="http://www.w3.org/1999/xhtml" absolutepath="/Users/hankhelmers/iCloud Drive (Archive)/Desktop/CPS/Week 8/Homework 6/Newtonsmethod_Problem4.m"></file><file xmlns="http://www.w3.org/1999/xhtml" absolutepath="/Users/hankhelmers/iCloud Drive (Archive)/Desktop/CPS/Week 8/Homework 6/helmers"></file><file xmlns="http://www.w3.org/1999/xhtml" absolutepath="/Users/hankhelmers/Desktop/Helmers - Homework 6/math371_hw4_Newtonsmethod.m"></file><file xmlns="http://www.w3.org/1999/xhtml" absolutepath="/Users/hankhelmers/Desktop/Helmers - Homework 6/bisectionmethod.m"></file><file xmlns="http://www.w3.org/1999/xhtml" absolutepath="/Users/hankhelmers/Desktop/Helmers - Homework 6/Newtonsmethod_Problem4.m"></file><file xmlns="http://www.w3.org/1999/xhtml" absolutepath="/Users/hankhelmers/Desktop/Helmers - Homework 6/Helmers_Diary_3_11_22"></file><file xmlns="http://www.w3.org/1999/xhtml" absolutepath="/Users/hankhelmers/Desktop/Helmers - Homework 6/Newtonsmethod_Problem3.m"></file><file xmlns="http://www.w3.org/1999/xhtml" absolutepath="/Users/hankhelmers/Desktop/Helmers - Homework 6/math371_hw6.m"></file><file xmlns="http://www.w3.org/1999/xhtml" absolutepath="/Users/hankhelmers/Documents/Git/CPS_Project/API_Testing.m"></file><file xmlns="http://www.w3.org/1999/xhtml" absolutepath="/Users/hankhelmers/Documents/Git/CPS_Project/SimpleApp_Test.m"></file><file xmlns="http://www.w3.org/1999/xhtml" absolutepath="/Users/hankhelmers/Documents/Git/CPS_Project/App_Sample.mlapp"></file><file xmlns="http://www.w3.org/1999/xhtml" absolutepath="/Users/hankhelmers/Documents/Git/CPS_Project/Spotify_Handler.m"></file><file xmlns="http://www.w3.org/1999/xhtml" absolutepath="/Users/hankhelmers/Documents/Git/CPS_Project/Spotify API Retrieval/API_Testing.m"></file><file xmlns="http://www.w3.org/1999/xhtml" absolutepath="/Users/hankhelmers/Documents/Git/CPS_Project/Spotify API Retrieval/Spotify_Handler.m"></file><file xmlns="http://www.w3.org/1999/xhtml" absolutepath="/Users/hankhelmers/Documents/Git/CPS_Project/Spotify API Retrieval/App_Sample.mlapp"></file><file xmlns="http://www.w3.org/1999/xhtml" absolutepath="/Users/hankhelmers/Documents/Git/CPS_Project/Spotify API Retrieval/Spotify_Request_Test.m"></file><file xmlns="http://www.w3.org/1999/xhtml" absolutepath="/Users/hankhelmers/Desktop/Project Report 1/Spotify API Retrieval/Spotify_Request_Test.m"></file><file xmlns="http://www.w3.org/1999/xhtml" absolutepath="/Users/hankhelmers/Desktop/Project Report 1/Spotify API Retrieval/Spotify_Handler.m"></file><file xmlns="http://www.w3.org/1999/xhtml" absolutepath="/Users/hankhelmers/Desktop/Project Report 1/Spotify API Retrieval/App_Sample.mlapp"></file><file xmlns="http://www.w3.org/1999/xhtml" absolutepath="/Users/hankhelmers/Desktop/Project Report 1/READ_ME.m"></file></bookmarks>